date-added,report,link,monitoring-provenance,decision,_url_real,_site,_month,_alert_age_days
2026-06-01,Golpe al Narcomenudeo (Nogoyá): Detenidos e incautación de cocaína y marihuana,https://www.google.com/url?rct=j&sa=t&url=https://desdeentrerios.com.ar/post/golpe-al-narcomenudeo-nogoya-detenidos-e-incautacion-de-cocaina-y-marihuana&ct=ga&cd=CAIyGmJmNjIyODgzYjg4NmQwN2E6Y29tOmVzOlVT&usg=AOvVaw0tB-yvzW6mv7t_4fPWWa5z,Google Alerts,Evidence,https://desdeentrerios.com.ar/post/golpe-al-narcomenudeo-nogoya-detenidos-e-incautacion-de-cocaina-y-marihuana,desdeentrerios.com.ar,2026-06,128
2026-06-01,DNCD captures two men linked to the seizure of 1.7 tons of cocaine - YouTube,https://www.google.com/url?rct=j&sa=t&url=https://www.youtube.com/watch%3Fv%3D48gVtio1Uew&ct=ga&cd=CAIyGmJmNjIyODgzYjg4NmQwN2E6Y29tOmVzOlVT&usg=AOvVaw2s6I8SOGebIDoLqHV0lcQb,Google Alerts,Evidence,https://www.youtube.com/watch?v=48gVtio1Uew,youtube.com,2026-06,128
2026-06-01,PSP de Évora detém 23 e desmantela rede familiar suspeita de tráfico - Notícias ao Minuto,https://www.google.com/url?rct=j&sa=t&url=https://www.noticiasaominuto.com/pais/2999135/psp-de-evora-detem-23-e-desmantela-rede-familiar-suspeita-de-trafico&ct=ga&cd=CAIyGjE4MDZhODNkZTFjOWMxMjc6Y29tOnB0OlVT&usg=AOvVaw2yY1ISjuHyvvNaPEW7kIG7,Google Alerts,Evidence,https://www.noticiasaominuto.com/pais/2999135/psp-de-evora-detem-23-e-desmantela-rede-familiar-suspeita-de-trafico,noticiasaominuto.com,2026-06,128
2026-06-01,Capturan a dos hombres vinculados al decomiso de 1.7 toneladas de cocaína,https://www.google.com/url?rct=j&sa=t&url=https://elpregonerord.com/capturan-a-dos-hombres-vinculados-al-decomiso-de-1-7-toneladas-de-cocaina/&ct=ga&cd=CAIyGmJmNjIyODgzYjg4NmQwN2E6Y29tOmVzOlVT&usg=AOvVaw2by1azxtxQIImE4cxyhuDz,Google Alerts,Evidence,https://elpregonerord.com/capturan-a-dos-hombres-vinculados-al-decomiso-de-1-7-toneladas-de-cocaina/,elpregonerord.com,2026-06,128
2026-06-01,Polícia apreende mais de dois quilos de cocaína escondidos em trem de passageiros,https://www.google.com/url?rct=j&sa=t&url=https://oimparcial.com.br/noticias/2026/06/policia-apreende-mais-de-dois-quilos-de-cocaina-escondidos-em-trem-de-passageiros/&ct=ga&cd=CAIyGjE4MDZhODNkZTFjOWMxMjc6Y29tOnB0OlVT&usg=AOvVaw1Fdvh0tHERJpM9oJTNgK1O,Google Alerts,Evidence,https://oimparcial.com.br/noticias/2026/06/policia-apreende-mais-de-dois-quilos-de-cocaina-escondidos-em-trem-de-passageiros/,oimparcial.com.br,2026-06,128
2026-06-01,Operação do Baep apreende 240 kg de drogas e prende quatro homens,https://www.google.com/url?rct=j&sa=t&url=https://jovempannewscampinas.com.br/noticias/policia/operacao-do-baep-apreende-240-kg-de-drogas-e-prende-quatro-homens.html&ct=ga&cd=CAIyGjE4MDZhODNkZTFjOWMxMjc6Y29tOnB0OlVT&usg=AOvVaw1Qz6hgS8eN5Iz9qIDTxYCc,Google Alerts,Evidence,https://jovempannewscampinas.com.br/noticias/policia/operacao-do-baep-apreende-240-kg-de-drogas-e-prende-quatro-homens.html,jovempannewscampinas.com.br,2026-06,128
2026-06-01,Saisie de drogues et d'armes à Fredericton | Acadie Nouvelle - PressReader,https://www.google.com/url?rct=j&sa=t&url=https://www.pressreader.com/canada/acadie-nouvelle/20260601/281676851578872&ct=ga&cd=CAIyGjkyMGEwZjhhZWMwMDhiMGU6Y29tOmZyOlVT&usg=AOvVaw0c7jcRZ7fz5yGv0mJBxy1N,Google Alerts,Evidence,https://www.pressreader.com/canada/acadie-nouvelle/20260601/281676851578872,pressreader.com,2026-06,128
2026-06-02,Coast Guard Seizes $6.7 Million in Cocaine Off Florida Coas - NewsRadio WFLA,https://www.google.com/url?rct=j&sa=t&url=https://wflanews.iheart.com/featured/florida-news/content/2026-05-30-coast-guard-seizes-67-million-in-cocaine-off-florida-coas/&ct=ga&cd=CAIyHDYyOGM1MGZkYTliZWUwMGU6Y29tOmVzOlVTOkw&usg=AOvVaw3bbIzPTzm_PQvEU8R_Ediw,Google Alerts,Evidence,https://wflanews.iheart.com/featured/florida-news/content/2026-05-30-coast-guard-seizes-67-million-in-cocaine-off-florida-coas/,iheart.com,2026-06,127
2026-06-15,"Caso ""Narcomaderas"": Fiscalía interviene condominio - La Patria 3.0 | Periódico digital de Bolivia",https://www.google.com/url?rct=j&sa=t&url=https://lapatria.bo/enfoque-nacional/caso-narcomaderas-fiscalia-interviene-condominio/&ct=ga&cd=CAIyGmJmNjIyODgzYjg4NmQwN2E6Y29tOmVzOlVT&usg=AOvVaw1CERyV6jj4ATqKSmFVfulk,Google Alerts,Evidence,https://lapatria.bo/enfoque-nacional/caso-narcomaderas-fiscalia-interviene-condominio/,lapatria.bo,2026-06,114
2026-06-15,Operativo policial en Algarrobo deja cinco detenidos y decomiso de drogas,https://www.google.com/url?rct=j&sa=t&url=https://www.radioprensa.cl/noticia/operativo-policial-en-algarrobo-deja-cinco-detenidos-y-decomiso-de-drogas&ct=ga&cd=CAIyGmJmNjIyODgzYjg4NmQwN2E6Y29tOmVzOlVT&usg=AOvVaw1vLk4pk1kwty8CPqAHjcwz,Google Alerts,Evidence,https://www.radioprensa.cl/noticia/operativo-policial-en-algarrobo-deja-cinco-detenidos-y-decomiso-de-drogas,radioprensa.cl,2026-06,114
2026-06-15,"Incautan armas, cocaína y ketamina: PDI detiene a 68 personas en operativos en RM y Biobío - Emol",https://www.google.com/url?rct=j&sa=t&url=https://www.emol.com/noticias/Nacional/2026/06/15/1202880/detenidos-microtrafico-drogas-metropolitana-biobio.html&ct=ga&cd=CAIyGmJmNjIyODgzYjg4NmQwN2E6Y29tOmVzOlVT&usg=AOvVaw1Q4ejKJjTE2pgpMO1oeYKQ,Google Alerts,Evidence,https://www.emol.com/noticias/Nacional/2026/06/15/1202880/detenidos-microtrafico-drogas-metropolitana-biobio.html,emol.com,2026-06,114
2026-06-15,Ross drug dealer sentenced to 40 months after police stop,https://www.google.com/url?rct=j&sa=t&url=https://www.westmercia.police.uk/news/west-mercia/news/2026/june/ross-drug-dealer-sentenced-to-40-months-after-police-stop/&ct=ga&cd=CAIyGjI1ZDE2N2I0OTQzNGYwNDc6Y29tOmVuOlVT&usg=AOvVaw3RH8lpuGsJSXlHXZJlTXsx,Google Alerts,Evidence,https://www.westmercia.police.uk/news/west-mercia/news/2026/june/ross-drug-dealer-sentenced-to-40-months-after-police-stop/,police.uk,2026-06,114
2026-06-15,"PM dá duro golpe no tráfico e apreende cocaína, crack e maconha em duas ... - Correio de Minas",https://www.google.com/url?rct=j&sa=t&url=https://correiodeminas.com.br/2026/06/15/pm-da-duro-golpe-no-trafico-e-apreende-cocaina-crack-e-maconha-em-duas-operacoes-no-mesmo-dia/&ct=ga&cd=CAIyGjE4MDZhODNkZTFjOWMxMjc6Y29tOnB0OlVT&usg=AOvVaw3gyicp-S6rxJPgbXMSkzUP,Google Alerts,Evidence,https://correiodeminas.com.br/2026/06/15/pm-da-duro-golpe-no-trafico-e-apreende-cocaina-crack-e-maconha-em-duas-operacoes-no-mesmo-dia/,correiodeminas.com.br,2026-06,114
2026-06-15,FICCOs apreendem mais de duas toneladas de drogas e efetuam 37 prisões pelo país - Notícia Já,https://www.google.com/url?rct=j&sa=t&url=https://www.noticiaja.com/noticia/ficcos-apreendem-mais-de-duas-toneladas-de-drogas-e-efetuam-37-prisoes-pelo-pais&ct=ga&cd=CAIyGjE4MDZhODNkZTFjOWMxMjc6Y29tOnB0OlVT&usg=AOvVaw3wCor5iqvdnsOVPozqi4pC,Google Alerts,Evidence,https://www.noticiaja.com/noticia/ficcos-apreendem-mais-de-duas-toneladas-de-drogas-e-efetuam-37-prisoes-pelo-pais,noticiaja.com,2026-06,114
2026-06-15,Operação da PM prende suspeito de tráfico de drogas no Bairro Conferência Cristo Rei em ...,https://www.google.com/url?rct=j&sa=t&url=https://jornalmontesclaros.com.br/2026/06/15/operacao-da-pm-prende-suspeito-de-trafico-de-drogas-no-bairro-conferencia-cristo-rei-em-montes-claros/&ct=ga&cd=CAIyGjE4MDZhODNkZTFjOWMxMjc6Y29tOnB0OlVT&usg=AOvVaw38gfvX4_EZY3R80n5XKEoE,Google Alerts,Evidence,https://jornalmontesclaros.com.br/2026/06/15/operacao-da-pm-prende-suspeito-de-trafico-de-drogas-no-bairro-conferencia-cristo-rei-em-montes-claros/,jornalmontesclaros.com.br,2026-06,114
2026-06-22,Lideraba una banda narco en prisión domiciliaria en Merlo: secuestraron 1.000 dosis de ... - Infobae,https://www.google.com/url?rct=j&sa=t&url=https://www.infobae.com/sociedad/policiales/2026/06/21/lideraba-una-banda-narco-en-prision-domiciliaria-en-merlo-secuestraron-1000-dosis-de-cocaina-y-un-arsenal/&ct=ga&cd=CAIyGmJmNjIyODgzYjg4NmQwN2E6Y29tOmVzOlVT&usg=AOvVaw36Wkh3nxU1zBzM22SPVtfj,Google Alerts,Evidence,https://www.infobae.com/sociedad/policiales/2026/06/21/lideraba-una-banda-narco-en-prision-domiciliaria-en-merlo-secuestraron-1000-dosis-de-cocaina-y-un-arsenal/,infobae.com,2026-06,107
2026-06-22,"Sydney: saisie record de 2,7 tonnes de cocaïne enterrées - SWI swissinfo.ch",https://www.google.com/url?rct=j&sa=t&url=https://www.swissinfo.ch/fre/sydney%253A-saisie-record-de-2%252C7-tonnes-de-coca%25C3%25AFne-enterr%25C3%25A9es/91625716&ct=ga&cd=CAIyGjkyMGEwZjhhZWMwMDhiMGU6Y29tOmZyOlVT&usg=AOvVaw36avdqqD9pPmolglbwBdCw,Google Alerts,Evidence,https://www.swissinfo.ch/fre/sydney%3A-saisie-record-de-2%2C7-tonnes-de-coca%C3%AFne-enterr%C3%A9es/91625716,swissinfo.ch,2026-06,107
2026-06-29,"NDLEA seize ₦12.4bn drug consignment, nabs suspect at Lagos airport New",https://www.google.com/url?rct=j&sa=t&url=https://radionigeria.gov.ng/2026/06/28/ndlea-seize-%25E2%2582%25A612-4bn-drug-consignment-nabs-suspect-at-lagos-airport/&ct=ga&cd=CAIyGjI1ZDE2N2I0OTQzNGYwNDc6Y29tOmVuOlVT&usg=AOvVaw1mmaQjRzxlhalOXCB8cSoJ,Google Alerts,Evidence,https://radionigeria.gov.ng/2026/06/28/ndlea-seize-%E2%82%A612-4bn-drug-consignment-nabs-suspect-at-lagos-airport/,radionigeria.gov.ng,2026-06,100
2026-06-29,"La caída en Soria de Domenico Paviglianiti, el ""jefe de los jefes"" de la mafia calabresa ... - El Mundo",https://www.google.com/url?rct=j&sa=t&url=https://www.elmundo.es/espana/2026/06/29/6a4162ae21efa0ca6d8b45a6.html&ct=ga&cd=CAIyGmFlNmJlYzU1MTM3NWE5NjE6Y29tOmVzOlVT&usg=AOvVaw1tylOD1ke-MAkO2p00h0BS,Google Alerts,Evidence,https://www.elmundo.es/espana/2026/06/29/6a4162ae21efa0ca6d8b45a6.html,elmundo.es,2026-06,100
2026-06-29,"Polícia Militar apreende maconha, cocaína e haxixe em Videira - Lê Notícias",https://www.google.com/url?rct=j&sa=t&url=https://www.lenoticias.com.br/amp/noticia/36368/policia-militar-apreende-maconha-cocaina-e-haxixe-em-videira&ct=ga&cd=CAIyGjE4MDZhODNkZTFjOWMxMjc6Y29tOnB0OlVT&usg=AOvVaw3sGEbyf4eFDaIoJaGwTAOP,Google Alerts,Evidence,https://www.lenoticias.com.br/amp/noticia/36368/policia-militar-apreende-maconha-cocaina-e-haxixe-em-videira,lenoticias.com.br,2026-06,100
2026-06-29,LDEA Seizes Over US$20 Million Worth of Drugs in One Year - The New Dawn Liberia,https://www.google.com/url?rct=j&sa=t&url=https://www.thenewdawnliberia.com/ldea-seizes-over-us20-million-worth-of-drugs-in-one-year/&ct=ga&cd=CAIyGjI1ZDE2N2I0OTQzNGYwNDc6Y29tOmVuOlVT&usg=AOvVaw24_pUoifxklgC1YvmlrfRC,Google Alerts,Evidence,https://www.thenewdawnliberia.com/ldea-seizes-over-us20-million-worth-of-drugs-in-one-year/,thenewdawnliberia.com,2026-06,100
2026-06-29,En Amagá estaban usando una volqueta para transportar cocaína; incautaron 69 kilos,https://www.google.com/url?rct=j&sa=t&url=https://h13n.com/en-amaga-usando-una-volqueta-para-transportar-cocaina/&ct=ga&cd=CAIyGmJmNjIyODgzYjg4NmQwN2E6Y29tOmVzOlVT&usg=AOvVaw2kMtm6E5yLpmjuWCiRpesQ,Google Alerts,Evidence,https://h13n.com/en-amaga-usando-una-volqueta-para-transportar-cocaina/,h13n.com,2026-06,100
2026-06-29,Insumo capaz de produzir 22 toneladas de cocaína é apreendido na fronteira com a Bolívia,https://www.google.com/url?rct=j&sa=t&url=https://www.radiodefinitiva.com.br/site/noticias/insumo-capaz-de-produzir-22-toneladas-de-cocana-apreendido-na-fronteira-com-a-bolvia&ct=ga&cd=CAIyGjE4MDZhODNkZTFjOWMxMjc6Y29tOnB0OlVT&usg=AOvVaw2WJyGNeLZgKcpBP_cXZhD3,Google Alerts,Evidence,https://www.radiodefinitiva.com.br/site/noticias/insumo-capaz-de-produzir-22-toneladas-de-cocana-apreendido-na-fronteira-com-a-bolvia,radiodefinitiva.com.br,2026-06,100
2026-06-29,Más de 267 kilos de droga fueron incautados esta semana gracias al trabajo coordinado ...,https://www.google.com/url?rct=j&sa=t&url=https://g5noticias.cl/2026/06/28/mas-de-267-kilos-de-droga-fueron-incautados-esta-semana-gracias-al-trabajo-coordinado-entre-aduanas-y-pdi/&ct=ga&cd=CAIyGmJmNjIyODgzYjg4NmQwN2E6Y29tOmVzOlVT&usg=AOvVaw2ixo6QG_fsgrz9EqDg9bEt,Google Alerts,Evidence,https://g5noticias.cl/2026/06/28/mas-de-267-kilos-de-droga-fueron-incautados-esta-semana-gracias-al-trabajo-coordinado-entre-aduanas-y-pdi/,g5noticias.cl,2026-06,100
2026-06-29,Policía de Sydney inacauta 110 kilos de cocaína ocultas en contenedor reefer procedente de Chile,https://www.google.com/url?rct=j&sa=t&url=https://portalportuario.cl/policia-de-sydney-inacauta-110-kilos-de-cocaina-ocultas-en-contenedor-reefer-procedente-de-chile/&ct=ga&cd=CAIyGjhjMTI5MGQ3ODFkNGQyYmY6Y29tOmVzOlVT&usg=AOvVaw3qiY_2Pp5_2nIcOjBH8Pfa,Google Alerts,Evidence,https://portalportuario.cl/policia-de-sydney-inacauta-110-kilos-de-cocaina-ocultas-en-contenedor-reefer-procedente-de-chile/,portalportuario.cl,2026-06,100
2026-06-29,Policía incauta 21 kilos de presunta pasta básica de cocaína y captura a tres sospechosos ...,https://www.google.com/url?rct=j&sa=t&url=https://hytimes.pe/2026/06/28/policia-incauta-21-kilos-de-presunta-pasta-basica-de-cocaina-y-captura-a-tres-sospechosos-en-san-ramon/&ct=ga&cd=CAIyGmJmNjIyODgzYjg4NmQwN2E6Y29tOmVzOlVT&usg=AOvVaw0POAf6H6w5dzVf6AXSrdZu,Google Alerts,Evidence,https://hytimes.pe/2026/06/28/policia-incauta-21-kilos-de-presunta-pasta-basica-de-cocaina-y-captura-a-tres-sospechosos-en-san-ramon/,hytimes.pe,2026-06,100
2026-06-29,Extraditaron a dos franceses prófugos en Uruguay por intentar traficar 37 kilos de cocaína a Europa,https://www.google.com/url?rct=j&sa=t&url=https://www.24con.com/amp/2026-6-28-9-33-0-extraditaron-a-dos-franceses-profugos-en-uruguay-por-intentar-traficar-37-kilos-de-cocaina-a-europa&ct=ga&cd=CAIyGjhjMTI5MGQ3ODFkNGQyYmY6Y29tOmVzOlVT&usg=AOvVaw3RiOjIyhFFlaXoEc7tpXvf,Google Alerts,Evidence,https://www.24con.com/amp/2026-6-28-9-33-0-extraditaron-a-dos-franceses-profugos-en-uruguay-por-intentar-traficar-37-kilos-de-cocaina-a-europa,24con.com,2026-06,100
2026-07-06,"Detenidas once personas por tráfico de cocaína en Alcobendas, Colmenar Viejo y Tres Cantos",https://www.google.com/url?rct=j&sa=t&url=https://cadenaser.com/cmadrid/2026/07/06/detenidas-once-personas-por-trafico-de-cocaina-en-alcobendas-colmenar-viejo-y-tres-cantos-ser-madrid-norte/&ct=ga&cd=CAIyGmFlNmJlYzU1MTM3NWE5NjE6Y29tOmVzOlVT&usg=AOvVaw1EK6hcs5piTlTppADCiv-D,Google Alerts,Evidence,https://cadenaser.com/cmadrid/2026/07/06/detenidas-once-personas-por-trafico-de-cocaina-en-alcobendas-colmenar-viejo-y-tres-cantos-ser-madrid-norte/,cadenaser.com,2026-07,93
2026-07-06,Piden penas de 9 y 7 años de cárcel para tres acusados de instalar en un garaje de este ...,https://www.google.com/url?rct=j&sa=t&url=https://www.infoclm.es/toledo/2026/07/05/piden-penas-de-9-y-7-anos-de-carcel-para-tres-acusados-de-instalar-en-un-garaje-de-este-pueblo-de-toledo-un-laboratorio-de-cocaina/&ct=ga&cd=CAIyGjhjMTI5MGQ3ODFkNGQyYmY6Y29tOmVzOlVT&usg=AOvVaw30iy6kHcPEGPBDs7CXlo3H,Google Alerts,Evidence,https://www.infoclm.es/toledo/2026/07/05/piden-penas-de-9-y-7-anos-de-carcel-para-tres-acusados-de-instalar-en-un-garaje-de-este-pueblo-de-toledo-un-laboratorio-de-cocaina/,infoclm.es,2026-07,93
2026-07-06,"NDLEA Arrests Grandma, PhD Student in Major Cocaine Busts, Intensifies Crackdown on ...",https://www.google.com/url?rct=j&sa=t&url=https://www.arise.tv/ndlea-arrests-grandma-phd-student-in-major-cocaine-busts-intensifies-crackdown-on-drug-syndicates/&ct=ga&cd=CAIyGjgyMTQ1NzJlMzAwYzE0NzA6Y29tOmVuOlVT&usg=AOvVaw25WxGnV_wg9LP3WkFmNmcb,Google Alerts,Evidence,https://www.arise.tv/ndlea-arrests-grandma-phd-student-in-major-cocaine-busts-intensifies-crackdown-on-drug-syndicates/,arise.tv,2026-07,93
2026-07-06,Decomiso de droga en el Tolteca I y Cártel de Tijuana- Grupo Milenio,https://www.google.com/url?rct=j&sa=t&url=https://www.milenio.com/videos/policia/barco-averiado-decomiso-altamar-increible-historia-tolteca&ct=ga&cd=CAIyGmJmNjIyODgzYjg4NmQwN2E6Y29tOmVzOlVT&usg=AOvVaw2M-D-Sp252oHkP5H1ssAty,Google Alerts,Evidence,https://www.milenio.com/videos/policia/barco-averiado-decomiso-altamar-increible-historia-tolteca,milenio.com,2026-07,93
2026-07-06,Les autorités mexicaines saisissent près de 3 tonnes de cocaïne dans le Pacifique,https://www.google.com/url?rct=j&sa=t&url=https://larochesuryon.maville.com/actu/actudet_-les-autorites-mexicaines-saisissent-pres-de-3-tonnes-de-cocaine-dans-le-pacifique-_54135-7392198_actu.Htm&ct=ga&cd=CAIyGjkyMGEwZjhhZWMwMDhiMGU6Y29tOmZyOlVT&usg=AOvVaw36IRM0DiAaaHcDyzfpaMzd,Google Alerts,Evidence,https://larochesuryon.maville.com/actu/actudet_-les-autorites-mexicaines-saisissent-pres-de-3-tonnes-de-cocaine-dans-le-pacifique-_54135-7392198_actu.Htm,maville.com,2026-07,93
2026-07-06,Nicaraguan military seized cocaine in their Caribbean area. - Facebook,https://www.google.com/url?rct=j&sa=t&url=https://www.facebook.com/CostaRicaNewsEnglish/posts/nicaraguan-military-seized-cocaine-in-their-caribbean-area/1964099731210420/&ct=ga&cd=CAIyHDYyOGM1MGZkYTliZWUwMGU6Y29tOmVzOlVTOkw&usg=AOvVaw3TxSjdsOdWqo35UDW47VSB,Google Alerts,Evidence,https://www.facebook.com/CostaRicaNewsEnglish/posts/nicaraguan-military-seized-cocaine-in-their-caribbean-area/1964099731210420/,facebook.com,2026-07,93
2026-07-06,MEXIQUE (Pacifique : saisie de près de 3.000 kilos de cocaïne - aviseur international,https://www.google.com/url?rct=j&sa=t&url=https://narconews.fr/2026/07/05/mexique-%25F0%259F%2587%25B2%25F0%259F%2587%25BD-pacifique-saisie-de-pres-de-3-000-kilos-de-cocaine/&ct=ga&cd=CAIyGjkyMGEwZjhhZWMwMDhiMGU6Y29tOmZyOlVT&usg=AOvVaw2Dl73YSm2LrEYumOsIx7Is,Google Alerts,Evidence,https://narconews.fr/2026/07/05/mexique-%F0%9F%87%B2%F0%9F%87%BD-pacifique-saisie-de-pres-de-3-000-kilos-de-cocaine/,narconews.fr,2026-07,93
2026-07-06,Twee Rotterdammers aangehouden voor transport van meer dan 350 kilo cocaïne - Drimble,https://www.google.com/url?rct=j&sa=t&url=https://drimble.nl/regio/zuid-holland/rotterdam/107370134/twee-rotterdammers-aangehouden-voor-transport-van-meer-dan-350-kilo-cocaine.html&ct=ga&cd=CAIyGjgyNjk4MjMzYWUxNjYxYjQ6Y29tOm5sOlVT&usg=AOvVaw0G34Ea5lt8bElK6Ifdk6ak,Google Alerts,Evidence,https://drimble.nl/regio/zuid-holland/rotterdam/107370134/twee-rotterdammers-aangehouden-voor-transport-van-meer-dan-350-kilo-cocaine.html,drimble.nl,2026-07,93
2026-07-06,Incautan casi 27 kilos de cocaína ocultos en un doble fondo de un automóvil en la ruta 9 en ...,https://www.google.com/url?rct=j&sa=t&url=https://www.contextotucuman.com/nota/393531/incautan-casi-27-kilos-de-cocaina-ocultos-en-un-doble-fondo-de-un-automovil-en-la-ruta-9-en-tucuman.html&ct=ga&cd=CAIyGjhjMTI5MGQ3ODFkNGQyYmY6Y29tOmVzOlVT&usg=AOvVaw0VxeEK6_2IgUYu2G-okMqF,Google Alerts,Evidence,https://www.contextotucuman.com/nota/393531/incautan-casi-27-kilos-de-cocaina-ocultos-en-un-doble-fondo-de-un-automovil-en-la-ruta-9-en-tucuman.html,contextotucuman.com,2026-07,93
2026-07-06,Detienen a cuatro y aseguran tres toneladas de droga en el mar de Oaxaca | Diario Marca,https://www.google.com/url?rct=j&sa=t&url=https://www.diariomarca.com.mx/2026/07/detienen-a-cuatro-y-aseguran-tres-toneladas-de-droga-en-el-mar-de-oaxaca/&ct=ga&cd=CAIyGmJmNjIyODgzYjg4NmQwN2E6Y29tOmVzOlVT&usg=AOvVaw0wkJuUZajamtFILR3FTL3-,Google Alerts,Evidence,https://www.diariomarca.com.mx/2026/07/detienen-a-cuatro-y-aseguran-tres-toneladas-de-droga-en-el-mar-de-oaxaca/,diariomarca.com.mx,2026-07,93
2026-07-13,Šaranović: Vulević had the power to influence the selection of Berane police leaders ...,https://www.google.com/url?rct=j&sa=t&url=https://en.vijesti.me/news-b/black-chronicle/817436/Saranovic-Vulevic-had-the-power-to-influence-the-selection-of-leaders-of-the-Berane-police--determine-the-movement-of-patrols&ct=ga&cd=CAIyGjgyMTQ1NzJlMzAwYzE0NzA6Y29tOmVuOlVT&usg=AOvVaw1QZNXkn65UiIvM2rsvFh0T,Google Alerts,Evidence,https://en.vijesti.me/news-b/black-chronicle/817436/Saranovic-Vulevic-had-the-power-to-influence-the-selection-of-leaders-of-the-Berane-police--determine-the-movement-of-patrols,vijesti.me,2026-07,86
2026-07-13,Incautan pastillas de posible cocaína - Infobae,https://www.google.com/url?rct=j&sa=t&url=https://www.infobae.com/video/republica-dominicana/incautan-pastillas-de-posible-cocaina/TqK18C0F/&ct=ga&cd=CAIyGmJmNjIyODgzYjg4NmQwN2E6Y29tOmVzOlVT&usg=AOvVaw1ZTXLTdSu5_xPTy6j1yFf5,Google Alerts,Evidence,https://www.infobae.com/video/republica-dominicana/incautan-pastillas-de-posible-cocaina/TqK18C0F/,infobae.com,2026-07,86
2026-07-13,Une tonne de cocaïne saisie au large de La Réunion : un Brésilien et deux Boliviens mis en ...,https://www.google.com/url?rct=j&sa=t&url=https://narconews.fr/tag/une-tonne-de-cocaine-saisie-au-large-de-la-reunion-un-bresilien-et-deux-boliviens-mis-en-examen-et-ecroues/&ct=ga&cd=CAIyHDYyOGM1MGZkYTliZWUwMGU6Y29tOmVzOlVTOkw&usg=AOvVaw3US0_tKfZEpk9jj05mIfsM,Google Alerts,Evidence,https://narconews.fr/tag/une-tonne-de-cocaine-saisie-au-large-de-la-reunion-un-bresilien-et-deux-boliviens-mis-en-examen-et-ecroues/,narconews.fr,2026-07,86
2026-07-13,"Policía halla cocaína, marihuana y heroína en un centro de acopio en Ventanas",https://www.google.com/url?rct=j&sa=t&url=https://www.lahora.com.ec/seguridad/policia-halla-cocaina-marihuana-y-heroina-en-un-centro-de-acopio-en-ventanas-20260712-0013.html&ct=ga&cd=CAIyGmFlNmJlYzU1MTM3NWE5NjE6Y29tOmVzOlVT&usg=AOvVaw1tx-eyRQM-8pSVlGNVcj26,Google Alerts,Evidence,https://www.lahora.com.ec/seguridad/policia-halla-cocaina-marihuana-y-heroina-en-un-centro-de-acopio-en-ventanas-20260712-0013.html,lahora.com.ec,2026-07,86
2026-07-13,Desarticulan centro de acopio de insumos para producir cocaína en Usme | City Tv Noticias,https://www.google.com/url?rct=j&sa=t&url=https://citytv.eltiempo.com/fotos-y-videos/video-y-multimedia/desarticulan-centro-de-acopio-de-insumos-para-producir-cocaina-en-usme_93542&ct=ga&cd=CAIyGmJmNjIyODgzYjg4NmQwN2E6Y29tOmVzOlVT&usg=AOvVaw2zL3iQMf4PAJhMUOrjiyou,Google Alerts,Evidence,https://citytv.eltiempo.com/fotos-y-videos/video-y-multimedia/desarticulan-centro-de-acopio-de-insumos-para-producir-cocaina-en-usme_93542,eltiempo.com,2026-07,86
2026-07-20,"Polícia Militar apreende mais de 3,5 toneladas de cocaína em operação entre Navegantes e ...",https://www.google.com/url?rct=j&sa=t&url=https://jornaljc.com.br/seguranca/2026/policia-militar-apreende-mais-de-35-toneladas-de-cocaina-em-operacao-entre-navegantes-e-blumenau-suspeito-e-preso-apos-perseguicao-no-dia-seguinte/&ct=ga&cd=CAIyGjE4MDZhODNkZTFjOWMxMjc6Y29tOnB0OlVT&usg=AOvVaw0EO0Qk_h8qyelKCkkIgG05,Google Alerts,Evidence,https://jornaljc.com.br/seguranca/2026/policia-militar-apreende-mais-de-35-toneladas-de-cocaina-em-operacao-entre-navegantes-e-blumenau-suspeito-e-preso-apos-perseguicao-no-dia-seguinte/,jornaljc.com.br,2026-07,79
2026-07-20,This farmer wanted to quit the cocaine industry - he couldn't - BBC,https://www.google.com/url?rct=j&sa=t&url=https://www.bbc.com/news/articles/c0kyml1zxz4o&ct=ga&cd=CAIyGjgyMTQ1NzJlMzAwYzE0NzA6Y29tOmVuOlVT&usg=AOvVaw2NBAN5yMIS2DIs3BWJMkvn,Google Alerts,Evidence,https://www.bbc.com/news/articles/c0kyml1zxz4o,bbc.com,2026-07,79
2026-07-20,El Mayo' Zambada enfrenta cadena perpetua mientras su abogado insiste en que no ...,https://www.google.com/url?rct=j&sa=t&url=https://www.youtube.com/watch%3Fv%3DLqaX4Jcy7oE&ct=ga&cd=CAIyGmJmNjIyODgzYjg4NmQwN2E6Y29tOmVzOlVT&usg=AOvVaw1N1V4X-1J-al-4ubd2qnd4,Google Alerts,Evidence,https://www.youtube.com/watch?v=LqaX4Jcy7oE,youtube.com,2026-07,79
2026-07-27,Seguridad Pública realiza el primer decomiso de cocaína líquida en altamar - Facebook,https://www.google.com/url?rct=j&sa=t&url=https://www.facebook.com/CostaRicaInformativo/posts/seguridad-p%25C3%25BAblica-realiza-el-primer-decomiso-de-coca%25C3%25ADna-l%25C3%25ADquida-en-altamar/1471909884956779/&ct=ga&cd=CAIyGmJmNjIyODgzYjg4NmQwN2E6Y29tOmVzOlVT&usg=AOvVaw1vcSFZq74ghnLNTEnM6rOI,Google Alerts,Evidence,https://www.facebook.com/CostaRicaInformativo/posts/seguridad-p%C3%BAblica-realiza-el-primer-decomiso-de-coca%C3%ADna-l%C3%ADquida-en-altamar/1471909884956779/,facebook.com,2026-07,72
2026-07-27,Operación Commodity: la policía brasileña desarticula una red de blanqueo de cocaína y ...,https://www.google.com/url?rct=j&sa=t&url=https://news.bitcoin.com/es/operacion-commodity-la-policia-brasilena-desarticula-una-red-de-blanqueo-de-cocaina-y-criptomonedas-por-valor-de-196-millones-de-dolares/&ct=ga&cd=CAIyGmFlNmJlYzU1MTM3NWE5NjE6Y29tOmVzOlVT&usg=AOvVaw1yb_C_DsCnZR4NLZrMwjc7,Google Alerts,Evidence,https://news.bitcoin.com/es/operacion-commodity-la-policia-brasilena-desarticula-una-red-de-blanqueo-de-cocaina-y-criptomonedas-por-valor-de-196-millones-de-dolares/,bitcoin.com,2026-07,72
2026-07-27,Decomisan en Guayaquil cocaína valorada en 56 millones de USD - El Diario,https://www.google.com/url?rct=j&sa=t&url=https://www.eldiario.ec/seguridad/decomisan-en-guayaquil-un-cargamento-de-cocaina-valorado-en-mas-de-56-millones-de-dolares-con-destino-a-letonia-26072026/&ct=ga&cd=CAIyGmJmNjIyODgzYjg4NmQwN2E6Y29tOmVzOlVT&usg=AOvVaw1_jWUnMD4e6wP6kN4bX3m5,Google Alerts,Evidence,https://www.eldiario.ec/seguridad/decomisan-en-guayaquil-un-cargamento-de-cocaina-valorado-en-mas-de-56-millones-de-dolares-con-destino-a-letonia-26072026/,eldiario.ec,2026-07,72
2026-07-27,Capturan a proveedores del clan Rotela e incautan carga de cocaína - Diario HOY,https://www.google.com/url?rct=j&sa=t&url=https://www.hoy.com.py/nacionales/2026/07/27/capturan-a-proveedores-del-clan-rotela-e-incautan-carga-de-cocaina&ct=ga&cd=CAIyGmJmNjIyODgzYjg4NmQwN2E6Y29tOmVzOlVT&usg=AOvVaw3g9Ju1lJixBzVHBa6bNsiG,Google Alerts,Evidence,https://www.hoy.com.py/nacionales/2026/07/27/capturan-a-proveedores-del-clan-rotela-e-incautan-carga-de-cocaina,hoy.com.py,2026-07,72
2026-07-27,Crime organizado altera logística para manter tráfico para a Europa - Valor Econômico,https://www.google.com/url?rct=j&sa=t&url=https://valor.globo.com/brasil/noticia/2026/07/27/crime-organizado-altera-logistica-para-manter-trafico-para-a-europa.ghtml&ct=ga&cd=CAIyGjE4MDZhODNkZTFjOWMxMjc6Y29tOnB0OlVT&usg=AOvVaw3uAjwijqFJbll18DqJlpYw,Google Alerts,Evidence,https://valor.globo.com/brasil/noticia/2026/07/27/crime-organizado-altera-logistica-para-manter-trafico-para-a-europa.ghtml,globo.com,2026-07,72
2026-07-27,"Detenidos 2 españoles tras la incautación de 2,6 toneladas de cocaína en el Atlántico",https://www.google.com/url?rct=j&sa=t&url=https://es-us.noticias.yahoo.com/detenidos-2-espa%25C3%25B1oles-incautaci%25C3%25B3n-2-110127374.html&ct=ga&cd=CAIyGmFlNmJlYzU1MTM3NWE5NjE6Y29tOmVzOlVT&usg=AOvVaw2_0SNdVT3n5gJnXCwo5AW2,Google Alerts,Evidence,https://es-us.noticias.yahoo.com/detenidos-2-espa%C3%B1oles-incautaci%C3%B3n-2-110127374.html,yahoo.com,2026-07,72
2026-07-27,"Europa se convirtió en el nuevo epicentro mundial del mercado de cocaína, según Financial ...",https://www.google.com/url?rct=j&sa=t&url=https://x.com/jpmasespanol/status/2081395401823752625&ct=ga&cd=CAIyGjhjMTI5MGQ3ODFkNGQyYmY6Y29tOmVzOlVT&usg=AOvVaw1ts-PSKsqX62V3TfLnhAoB,Google Alerts,Evidence,https://x.com/jpmasespanol/status/2081395401823752625,x.com,2026-07,72
2026-07-27,Brazilian police freeze approximately $196 million in assets of a drug trafficking gang ...,https://www.google.com/url?rct=j&sa=t&url=https://www.odaily.news/zh-TW/newsflash/504070&ct=ga&cd=CAIyGjI1ZDE2N2I0OTQzNGYwNDc6Y29tOmVuOlVT&usg=AOvVaw0u3nPoTutGjnCNqlFvCQ8L,Google Alerts,Evidence,https://www.odaily.news/zh-TW/newsflash/504070,odaily.news,2026-07,72
2026-07-27,Europe can't stop the tide of cocaine | Oscar Lindvall - LinkedIn,https://www.google.com/url?rct=j&sa=t&url=https://www.linkedin.com/posts/oscar-lindvall-518542110_europe-cant-stop-the-tide-of-cocaine-activity-7487035438038437888-5MvV&ct=ga&cd=CAIyGjgyMTQ1NzJlMzAwYzE0NzA6Y29tOmVuOlVT&usg=AOvVaw0i8rvka6iUAxU5KEf3z7R3,Google Alerts,Evidence,https://www.linkedin.com/posts/oscar-lindvall-518542110_europe-cant-stop-the-tide-of-cocaine-activity-7487035438038437888-5MvV,linkedin.com,2026-07,72
2026-08-03,600 kilos de cocaína ocultos en un doble fondo La Policía decomisó 602 paquetes de ... - Facebook,https://www.google.com/url?rct=j&sa=t&url=https://www.facebook.com/KCHFMradio/videos/600-kilos-de-coca%25C3%25ADna-ocultos-en-un-doble-fondo-la-polic%25C3%25ADa-decomis%25C3%25B3-602-paquetes-/1306545227981231/&ct=ga&cd=CAIyGmJmNjIyODgzYjg4NmQwN2E6Y29tOmVzOlVT&usg=AOvVaw2kLy0M_g0MFjjU8HA5c7lW,Google Alerts,Evidence,https://www.facebook.com/KCHFMradio/videos/600-kilos-de-coca%C3%ADna-ocultos-en-un-doble-fondo-la-polic%C3%ADa-decomis%C3%B3-602-paquetes-/1306545227981231/,facebook.com,2026-08,65
2026-08-03,"NDLEA Intercepts Cocaine Hidden in Wooden Mortar, Backpack",https://www.google.com/url?rct=j&sa=t&url=https://therealmediang.com/news/ndlea-intercepts-cocaine-hidden-in-wooden-mortar-backpack&ct=ga&cd=CAIyGjI1ZDE2N2I0OTQzNGYwNDc6Y29tOmVuOlVT&usg=AOvVaw3IyWKuC5W2MO-X7YaAbC5P,Google Alerts,Evidence,https://therealmediang.com/news/ndlea-intercepts-cocaine-hidden-in-wooden-mortar-backpack,therealmediang.com,2026-08,65
2026-08-03,"Cocaína no Galeão: PF prende homem com 4,2 kg - Mendanha Notícias",https://www.google.com/url?rct=j&sa=t&url=https://mendanhanoticias.com.br/rio-de-janeiro-pf-prende-homem-com-42-kg-de-cocaina-no-galeao/&ct=ga&cd=CAIyGjE4MDZhODNkZTFjOWMxMjc6Y29tOnB0OlVT&usg=AOvVaw1GeD9UZrg2fnlBCbIr3N7S,Google Alerts,Evidence,https://mendanhanoticias.com.br/rio-de-janeiro-pf-prende-homem-com-42-kg-de-cocaina-no-galeao/,mendanhanoticias.com.br,2026-08,65
2026-08-03,PDI incauta más de $46 millones en drogas y detiene a ocho personas en La Granja,https://www.google.com/url?rct=j&sa=t&url=https://puranoticia.pnt.cl/nacional/pdi-incauta-mas-de-46-millones-en-drogas-y-detiene-a-ocho-personas-en-la&ct=ga&cd=CAIyGmJmNjIyODgzYjg4NmQwN2E6Y29tOmVzOlVT&usg=AOvVaw1XfXk1LADlopxFhoeQMnFJ,Google Alerts,Evidence,https://puranoticia.pnt.cl/nacional/pdi-incauta-mas-de-46-millones-en-drogas-y-detiene-a-ocho-personas-en-la,pnt.cl,2026-08,65
2026-08-03,Nueve detenidos y casi una tonelada de cocaína incautada en un puerto de Brasil - Mundo,https://www.google.com/url?rct=j&sa=t&url=https://www.abc.com.py/internacionales/2026/08/02/nueve-detenidos-y-casi-una-tonelada-de-cocaina-incautada-en-un-puerto-de-brasil/%3FoutputType%3Damp&ct=ga&cd=CAIyGmJmNjIyODgzYjg4NmQwN2E6Y29tOmVzOlVT&usg=AOvVaw1_bT2DRHhnbB-oJ7BrlZGO,Google Alerts,Evidence,https://www.abc.com.py/internacionales/2026/08/02/nueve-detenidos-y-casi-una-tonelada-de-cocaina-incautada-en-un-puerto-de-brasil/?outputType=amp,abc.com.py,2026-08,65
2026-08-03,Nigéria : saisie de cocaïne destinée à la Chine et l'Italie - APAnews,https://www.google.com/url?rct=j&sa=t&url=https://fr.apanews.net/news/nigeria-saisie-de-cocaine-destinee-a-la-chine-et-litalie/&ct=ga&cd=CAIyGjkyMGEwZjhhZWMwMDhiMGU6Y29tOmZyOlVT&usg=AOvVaw2pG9-ZScHcmHZvNNSqoPCX,Google Alerts,Evidence,https://fr.apanews.net/news/nigeria-saisie-de-cocaine-destinee-a-la-chine-et-litalie/,apanews.net,2026-08,65
2026-08-03,Liberia : série de limogeage après des saisies records de cocaïne - Tunisie Numerique,https://www.google.com/url?rct=j&sa=t&url=https://www.tunisienumerique.com/liberia-serie-de-limogeage-apres-des-saisies-records-de-cocaine/&ct=ga&cd=CAIyGmMxM2M1NzY2MjM2OWNlYzg6Y29tOmZyOlVT&usg=AOvVaw3YmptnR2kXgeCKPtaA5quC,Google Alerts,Evidence,https://www.tunisienumerique.com/liberia-serie-de-limogeage-apres-des-saisies-records-de-cocaine/,tunisienumerique.com,2026-08,65
2026-08-10,Des Colombiens venus fabriquer de la cocaïne dans une maison de Faimes : jusqu'à 7 ans ...,https://www.google.com/url?rct=j&sa=t&url=https://www.dhnet.be/regions/liege/2026/08/10/des-colombiens-venus-fabriquer-de-la-cocaine-dans-une-maison-de-faimes-jusqua-7-ans-de-prison-prononces-apres-la-decouverte-de-97-kg-de-drogue-PCB75ONBUNCUPN4MXEQZSBZ3QY/&ct=ga&cd=CAIyGjkyMGEwZjhhZWMwMDhiMGU6Y29tOmZyOlVT&usg=AOvVaw0BiYatjSmq3YKO0WdOtCDM,Google Alerts,Evidence,https://www.dhnet.be/regions/liege/2026/08/10/des-colombiens-venus-fabriquer-de-la-cocaine-dans-une-maison-de-faimes-jusqua-7-ans-de-prison-prononces-apres-la-decouverte-de-97-kg-de-drogue-PCB75ONBUNCUPN4MXEQZSBZ3QY/,dhnet.be,2026-08,58
2026-08-10,Auch am Bodensee wird Kokain immer mehr zum Problem: Per WhatsApp an die Haustür,https://www.google.com/url?rct=j&sa=t&url=https://www.schwaebische.de/regional/bodensee/friedrichshafen/auch-am-bodensee-wird-kokain-immer-mehr-zum-problem-4719176&ct=ga&cd=CAIyGmRhZmUxNDBjYTI3ODhhODA6Y29tOmRlOlVT&usg=AOvVaw1gsj8PxYgpAUl8dgDXSqqa,Google Alerts,Evidence,https://www.schwaebische.de/regional/bodensee/friedrichshafen/auch-am-bodensee-wird-kokain-immer-mehr-zum-problem-4719176,schwaebische.de,2026-08,58
2026-08-10,Adolescente é apreendido com cocaína no Bracuí - Diário do Vale,https://www.google.com/url?rct=j&sa=t&url=https://diariodovale.com.br/destaque/adolescente-e-apreendido-com-cocaina-no-bracui/&ct=ga&cd=CAIyGjE4MDZhODNkZTFjOWMxMjc6Y29tOnB0OlVT&usg=AOvVaw2Z2b3u2o11lPmnMWlu3UTW,Google Alerts,Evidence,https://diariodovale.com.br/destaque/adolescente-e-apreendido-com-cocaina-no-bracui/,diariodovale.com.br,2026-08,58
2026-08-10,Il circulait sur sa trottinette à Bolbec en possession de cocaïne - Paris Normandie,https://www.google.com/url?rct=j&sa=t&url=https://www.paris-normandie.fr/id737787/article/2026-08-10/il-circulait-sur-sa-trottinette-bolbec-en-possession-de-cocaine&ct=ga&cd=CAIyGmMxM2M1NzY2MjM2OWNlYzg6Y29tOmZyOlVT&usg=AOvVaw3YH56Bx04ZqB08ELrBwdPv,Google Alerts,Evidence,https://www.paris-normandie.fr/id737787/article/2026-08-10/il-circulait-sur-sa-trottinette-bolbec-en-possession-de-cocaine,paris-normandie.fr,2026-08,58
2026-08-10,NDLEA Arrests Italy-Based Businessman With 98 Cocaine Wraps in Stomach at Enugu Airport,https://www.google.com/url?rct=j&sa=t&url=https://barristerng.com/ndlea-arrests-italy-based-businessman-with-98-cocaine-wraps-in-stomach-at-enugu-airport/&ct=ga&cd=CAIyGjI1ZDE2N2I0OTQzNGYwNDc6Y29tOmVuOlVT&usg=AOvVaw3hlWlSpVx2jwEBKzx3N8DY,Google Alerts,Evidence,https://barristerng.com/ndlea-arrests-italy-based-businessman-with-98-cocaine-wraps-in-stomach-at-enugu-airport/,barristerng.com,2026-08,58
2026-08-10,Vol de cocaïne quai des Orfèvres: les complicités au coeur de l'enquête - Orange Actu,https://www.google.com/url?rct=j&sa=t&url=https://actu.orange.fr/videos/fait-divers/vol-de-cocaine-quai-des-orfevres-les-complicites-au-coeur-de-l-enquete-CNT000002rc2kc.html%3Fpid%3D&ct=ga&cd=CAIyGjkyMGEwZjhhZWMwMDhiMGU6Y29tOmZyOlVT&usg=AOvVaw0g3VWO7n9rgyIAe-ACVLvh,Google Alerts,Evidence,https://actu.orange.fr/videos/fait-divers/vol-de-cocaine-quai-des-orfevres-les-complicites-au-coeur-de-l-enquete-CNT000002rc2kc.html?pid=,orange.fr,2026-08,58
2026-08-10,Jusqu'à 7 ans de prison prononcés après la découverte de 97 kg de drogues - L'Avenir,https://www.google.com/url?rct=j&sa=t&url=https://www.lavenir.net/regions/huy-waremme/faimes/2026/08/10/jusqua-7-ans-de-prison-prononces-apres-la-decouverte-de-97-kg-de-drogues-des-colombiens-etaient-venus-fabriquer-de-la-cocaine-faimes-EP5XVLBWTVCWPBEZZFOPPMIN3M/&ct=ga&cd=CAIyGjkyMGEwZjhhZWMwMDhiMGU6Y29tOmZyOlVT&usg=AOvVaw1szPSvXqRBXRN_flbZPtj1,Google Alerts,Evidence,https://www.lavenir.net/regions/huy-waremme/faimes/2026/08/10/jusqua-7-ans-de-prison-prononces-apres-la-decouverte-de-97-kg-de-drogues-des-colombiens-etaient-venus-fabriquer-de-la-cocaine-faimes-EP5XVLBWTVCWPBEZZFOPPMIN3M/,lavenir.net,2026-08,58
2026-08-17,Polícia Militar prende indivíduo por tráfico de drogas em Teixeira de Freitas - :: Itamaraju Notícias ::,https://www.google.com/url?rct=j&sa=t&url=https://itamarajunoticias.com.br/editorial/noticias/policial/policia-militar-prende-individuo-por-trafico-de-drogas-em-teixeira-de-freitas/&ct=ga&cd=CAIyGjE4MDZhODNkZTFjOWMxMjc6Y29tOnB0OlVT&usg=AOvVaw2d8SjiG3knP6zSxm4ar6AR,Google Alerts,Evidence,https://itamarajunoticias.com.br/editorial/noticias/policial/policia-militar-prende-individuo-por-trafico-de-drogas-em-teixeira-de-freitas/,itamarajunoticias.com.br,2026-08,51
2026-08-17,Ecuadorian police seized cocaine featuring Erling Haaland's image at the border with Colombia!,https://www.google.com/url?rct=j&sa=t&url=https://www.youtube.com/shorts/qLnyO7H_Cq8&ct=ga&cd=CAIyHDYyOGM1MGZkYTliZWUwMGU6Y29tOmVzOlVTOkw&usg=AOvVaw2RxUAC2RMuD0VR1VMGkMmA,Google Alerts,Evidence,https://www.youtube.com/shorts/qLnyO7H_Cq8,youtube.com,2026-08,51
2026-08-17,"Trafic de stupéfiants : une importante saisie de drogues près de Dijon, plusieurs individus interpellés",https://www.google.com/url?rct=j&sa=t&url=https://actu.fr/bourgogne-franche-comte/talant_21617/trafic-de-stupefiants-une-importante-saisie-de-drogues-pres-de-dijon-plusieurs-individus-interpelles_64671875.html&ct=ga&cd=CAIyGjkyMGEwZjhhZWMwMDhiMGU6Y29tOmZyOlVT&usg=AOvVaw07frEsccxvOOZru1aJH60L,Google Alerts,Evidence,https://actu.fr/bourgogne-franche-comte/talant_21617/trafic-de-stupefiants-une-importante-saisie-de-drogues-pres-de-dijon-plusieurs-individus-interpelles_64671875.html,actu.fr,2026-08,51
2026-08-17,Elle franchit un stop devant la police... et se retrouve perquisitionnée après un contrôle ...,https://www.google.com/url?rct=j&sa=t&url=https://www.ladepeche.fr/2026/08/16/elle-franchit-un-stop-devant-la-police-et-se-retrouve-perquisitionnee-apres-un-controle-positif-a-la-cocaine-13511146.php&ct=ga&cd=CAIyGmMxM2M1NzY2MjM2OWNlYzg6Y29tOmZyOlVT&usg=AOvVaw27Q2dx_esLCkMzU3Qyp-DM,Google Alerts,Evidence,https://www.ladepeche.fr/2026/08/16/elle-franchit-un-stop-devant-la-police-et-se-retrouve-perquisitionnee-apres-un-controle-positif-a-la-cocaine-13511146.php,ladepeche.fr,2026-08,51
2026-08-24,Polícia Federal apreendeu quase duas toneladas de cocaína no Aeroporto de Fortaleza em ...,https://www.google.com/url?rct=j&sa=t&url=https://diariodonordeste.verdesmares.com.br/seguranca/policia-federal-apreendeu-quase-duas-toneladas-de-cocaina-no-aeroporto-de-fortaleza-em-oito-anos-1.3785425&ct=ga&cd=CAIyGjE4MDZhODNkZTFjOWMxMjc6Y29tOnB0OlVT&usg=AOvVaw0dmszhU9h0ijMcxr7XMif_,Google Alerts,Evidence,https://diariodonordeste.verdesmares.com.br/seguranca/policia-federal-apreendeu-quase-duas-toneladas-de-cocaina-no-aeroporto-de-fortaleza-em-oito-anos-1.3785425,verdesmares.com.br,2026-08,44
2026-08-24,"En 15 días, Fuerza Pública incautó más de 12 toneladas de cocaína y capturó a 1.574 ...",https://www.google.com/url?rct=j&sa=t&url=https://www.diariodelsur.com.co/en-15-dias-fuerza-publica-incauto-mas-de-12-toneladas-de-cocaina-y-capturo-a-1-574-narcotraficantes/&ct=ga&cd=CAIyGmFlNmJlYzU1MTM3NWE5NjE6Y29tOmVzOlVT&usg=AOvVaw2bQbict_rCOzXr1iCEEDhx,Google Alerts,Evidence,https://www.diariodelsur.com.co/en-15-dias-fuerza-publica-incauto-mas-de-12-toneladas-de-cocaina-y-capturo-a-1-574-narcotraficantes/,diariodelsur.com.co,2026-08,44
2026-08-24,"El líder de los Fanchos y otros dos varones, detenidos con más de 1.400 kilos de cocaína | Ideal",https://www.google.com/url?rct=j&sa=t&url=https://www.ideal.es/sociedad/lder-fanchos-varones-detenidos-1400-kilos-cocana-20260824103511-vi.html&ct=ga&cd=CAIyGjhjMTI5MGQ3ODFkNGQyYmY6Y29tOmVzOlVT&usg=AOvVaw1c9QqqMDo7ZnD65igrQr49,Google Alerts,Evidence,https://www.ideal.es/sociedad/lder-fanchos-varones-detenidos-1400-kilos-cocana-20260824103511-vi.html,ideal.es,2026-08,44
2026-08-24,CBP asegura más de 10 mil pastillas de fentanilo y 75 libras de cocaína en garitas de Nogales,https://www.google.com/url?rct=j&sa=t&url=https://infonogales.com/cbp-asegura-mas-de-10-mil-pastillas-de-fentanilo-y-75-libras-de-cocaina-en-garitas-de-nogales/&ct=ga&cd=CAIyGmJmNjIyODgzYjg4NmQwN2E6Y29tOmVzOlVT&usg=AOvVaw1igXmvxNijgggdH7vOrMNf,Google Alerts,Evidence,https://infonogales.com/cbp-asegura-mas-de-10-mil-pastillas-de-fentanilo-y-75-libras-de-cocaina-en-garitas-de-nogales/,infonogales.com,2026-08,44
2026-08-24,"NDLEA arrests 101-year-old woman retailing cannabis, recover cocaine concealed inside fufu",https://www.google.com/url?rct=j&sa=t&url=https://ground.news/article/ndlea-arrests-101-year-old-woman-retailing-cannabis-recover-cocaine-concealed-inside-fufu&ct=ga&cd=CAIyGjgyMTQ1NzJlMzAwYzE0NzA6Y29tOmVuOlVT&usg=AOvVaw0s3Z-QlSoYHbPl5AJ0KqvG,Google Alerts,Evidence,https://ground.news/article/ndlea-arrests-101-year-old-woman-retailing-cannabis-recover-cocaine-concealed-inside-fufu,ground.news,2026-08,44
2026-08-24,280 kilos de cocaína en un vehículo al norte de Ecuador - Narcodiario,https://www.google.com/url?rct=j&sa=t&url=https://narcodiario.com/2026/08/280-kilos-de-cocaina-en-un-vehiculo-al-norte-de-ecuador/&ct=ga&cd=CAIyGmJmNjIyODgzYjg4NmQwN2E6Y29tOmVzOlVT&usg=AOvVaw0OGxV_2VMFY3D4PmBO4ggu,Google Alerts,Evidence,https://narcodiario.com/2026/08/280-kilos-de-cocaina-en-un-vehiculo-al-norte-de-ecuador/,narcodiario.com,2026-08,44
2026-08-24,APREENSÃO DE DROGAS I PF prende jovem com 3 kg de cocaína no Aeroporto de Foz ...,https://www.google.com/url?rct=j&sa=t&url=https://www.instagram.com/p/DcbV4xODhCL/&ct=ga&cd=CAIyGjE4MDZhODNkZTFjOWMxMjc6Y29tOnB0OlVT&usg=AOvVaw1aIewLPzRvlvVXFsePoluJ,Google Alerts,Evidence,https://www.instagram.com/p/DcbV4xODhCL/,instagram.com,2026-08,44
2026-08-24,El espectacular aumento de los alijos de cocaína en Asturias: se disparan de 62 a 807 kilos en 2025,https://www.google.com/url?rct=j&sa=t&url=https://www.threads.com/%40lanuevaespana_/post/DcYUK-gCCbD/el-espectacular-aumento-de-los-alijos-de-cocaina-en-asturias-se-disparan-de-a/&ct=ga&cd=CAIyGmFlNmJlYzU1MTM3NWE5NjE6Y29tOmVzOlVT&usg=AOvVaw13dMrhmXRp96eRBloN351n,Google Alerts,Evidence,https://www.threads.com/@lanuevaespana_/post/DcYUK-gCCbD/el-espectacular-aumento-de-los-alijos-de-cocaina-en-asturias-se-disparan-de-a/,threads.com,2026-08,44
2026-08-24,"NDLEA Arrests 101-Year-Old Woman, Intercepts Cocaine In Fufu - PM Parrot",https://www.google.com/url?rct=j&sa=t&url=https://pmparrotng.com/2026/08/23/ndlea-arrests-101-year-old-woman/&ct=ga&cd=CAIyGjgyMTQ1NzJlMzAwYzE0NzA6Y29tOmVuOlVT&usg=AOvVaw2fmUcUblgHfGYiyVHMvkS3,Google Alerts,Evidence,https://pmparrotng.com/2026/08/23/ndlea-arrests-101-year-old-woman/,pmparrotng.com,2026-08,44
2026-08-24,Cae el líder del clan familiar de los Fanchos en una operación con 1.400 kilos de cocaína,https://www.google.com/url?rct=j&sa=t&url=https://www.laverdad.es/sociedad/lder-clan-familiar-fanchos-operacin-1400-kilos-20260824105533-vi.html&ct=ga&cd=CAIyGjhjMTI5MGQ3ODFkNGQyYmY6Y29tOmVzOlVT&usg=AOvVaw3fePwbbvi0I11TVXKIoxr-,Google Alerts,Evidence,https://www.laverdad.es/sociedad/lder-clan-familiar-fanchos-operacin-1400-kilos-20260824105533-vi.html,laverdad.es,2026-08,44
2026-09-02,"Cocaine Trafficking and Extortion, Seven Precautionary Measures Between Ficarazzi and Bagheria",https://www.google.com/url?rct=j&sa=t&url=https://ground.news/article/drug-operation-in-bagheria-and-ficarazzi-7-precautionary-measures_7c7f62&ct=ga&cd=CAIyGjgyMTQ1NzJlMzAwYzE0NzA6Y29tOmVuOlVT&usg=AOvVaw3GOB6epXQ1_5si-Q8CPwzX,Google Alerts,Evidence,https://ground.news/article/drug-operation-in-bagheria-and-ficarazzi-7-precautionary-measures_7c7f62,ground.news,2026-09,35
2026-09-02,Lebeya 'can't recall' being told where 541kg cocaine haul was stored - Mail & Guardian,https://www.google.com/url?rct=j&sa=t&url=https://mg.co.za/news/south-africa/2026-09-01-lebeya-can-t-recall-being-told-where-541kg-cocaine-haul-was-stored/&ct=ga&cd=CAIyGjI1ZDE2N2I0OTQzNGYwNDc6Y29tOmVuOlVT&usg=AOvVaw3IkXpkObNI-5cbPtWqoArk,Google Alerts,Evidence,https://mg.co.za/news/south-africa/2026-09-01-lebeya-can-t-recall-being-told-where-541kg-cocaine-haul-was-stored/,mg.co.za,2026-09,35
2026-09-02,Ministerio Público acusa a nueve hombres de traficar cocaína procedente de Colombia - Diario Libre,https://www.google.com/url?rct=j&sa=t&url=https://www.diariolibre.com/actualidad/sucesos/2026/09/01/trafico-de-cocaina-y-lavado-de-activos-en-organizacion-criminal/3645856&ct=ga&cd=CAIyGjhjMTI5MGQ3ODFkNGQyYmY6Y29tOmVzOlVT&usg=AOvVaw3W6LAV4QiNqlOJTdjxWc-C,Google Alerts,Evidence,https://www.diariolibre.com/actualidad/sucesos/2026/09/01/trafico-de-cocaina-y-lavado-de-activos-en-organizacion-criminal/3645856,diariolibre.com,2026-09,35
2026-09-02,Duisburg: Großer Rauschgiftfund durch Zollhündin Tessa - Super Tipp,https://www.google.com/url?rct=j&sa=t&url=https://supertipp-online.de/nachrichten/nrw/duisburg-grosser-rauschgiftfund-durch-zollhuendin-tessa-id599765&ct=ga&cd=CAIyGmRhZmUxNDBjYTI3ODhhODA6Y29tOmRlOlVT&usg=AOvVaw2Vhgit-zVSPIkZ6t6al9Xy,Google Alerts,Evidence,https://supertipp-online.de/nachrichten/nrw/duisburg-grosser-rauschgiftfund-durch-zollhuendin-tessa-id599765,supertipp-online.de,2026-09,35
2026-09-02,"NWMO law enforcement assists in drug investigations, resulting in cocaine, fentanyl seizures - KQ2",https://www.google.com/url?rct=j&sa=t&url=https://www.kq2.com/news/local-news/2026/09/01/nwmo-law-enforcement-assists-in-drug-investigations-resulting-in-cocaine-fentanyl-seizures/&ct=ga&cd=CAIyGjI1ZDE2N2I0OTQzNGYwNDc6Y29tOmVuOlVT&usg=AOvVaw3vg-FKTqtMX3ze1g6BhhLv,Google Alerts,Evidence,https://www.kq2.com/news/local-news/2026/09/01/nwmo-law-enforcement-assists-in-drug-investigations-resulting-in-cocaine-fentanyl-seizures/,kq2.com,2026-09,35
2026-09-02,Cocaine overtakes oil as Colombia's biggest export - Vox News Albania,https://www.google.com/url?rct=j&sa=t&url=https://www.voxnews.al/english/kosovabota/kokaina-mposht-naften-behet-produkti-me-i-madh-i-eksportit-te-kolumbi-i123406&ct=ga&cd=CAIyGjgyMTQ1NzJlMzAwYzE0NzA6Y29tOmVuOlVT&usg=AOvVaw1oHlVk8QA8gZA4CJt94mzj,Google Alerts,Evidence,https://www.voxnews.al/english/kosovabota/kokaina-mposht-naften-behet-produkti-me-i-madh-i-eksportit-te-kolumbi-i123406,voxnews.al,2026-09,35
2026-09-02,"Cocaine, guns - Lehigh Valley Press",https://www.google.com/url?rct=j&sa=t&url=https://www.lvpnews.com/20260901/cocaine-guns/&ct=ga&cd=CAIyHDYyOGM1MGZkYTliZWUwMGU6Y29tOmVzOlVTOkw&usg=AOvVaw36JpbO4x3NjXEuYJQK0ZoV,Google Alerts,Evidence,https://www.lvpnews.com/20260901/cocaine-guns/,lvpnews.com,2026-09,35
2026-09-07,Cae una organización criminal dedicada a la distribución de cocaína en Albacete y Cuenca,https://www.google.com/url?rct=j&sa=t&url=https://www.hoy.es/sociedad/organizacin-criminal-dedicada-distribucin-cocana-albacete-cuenca-20260907094122-vi.html&ct=ga&cd=CAIyGjhjMTI5MGQ3ODFkNGQyYmY6Y29tOmVzOlVT&usg=AOvVaw0ob38yv_lA-dlvcCSXdppd,Google Alerts,Evidence,https://www.hoy.es/sociedad/organizacin-criminal-dedicada-distribucin-cocana-albacete-cuenca-20260907094122-vi.html,hoy.es,2026-09,30
2026-09-07,Una avioneta arrojó más de 400 kilos de droga sobre un campo de Uruguay y desató ...,https://www.google.com/url?rct=j&sa=t&url=https://www.infobae.com/america/america-latina/2026/09/07/una-avioneta-arrojo-mas-de-400-kilos-de-droga-sobre-un-campo-de-uruguay-y-desato-operativo-contra-una-banda-narco/&ct=ga&cd=CAIyGmJmNjIyODgzYjg4NmQwN2E6Y29tOmVzOlVT&usg=AOvVaw30aEUQNgHk1zppJZ6eRs4L,Google Alerts,Evidence,https://www.infobae.com/america/america-latina/2026/09/07/una-avioneta-arrojo-mas-de-400-kilos-de-droga-sobre-un-campo-de-uruguay-y-desato-operativo-contra-una-banda-narco/,infobae.com,2026-09,30
2026-09-07,Drôme. Saisie de 347 kg de cocaïne sur l'A7 : le chauffeur déféré au parquet de Valence ce lundi,https://www.google.com/url?rct=j&sa=t&url=https://www.ledauphine.com/faits-divers-justice/2026/09/06/saisie-de-347-kg-de-cocaine-sur-l-a7-le-chauffeur-defere-au-parquet-de-valence-ce-lundi&ct=ga&cd=CAIyGjkyMGEwZjhhZWMwMDhiMGU6Y29tOmZyOlVT&usg=AOvVaw1jOiGImNLKO7pQFizx_r7R,Google Alerts,Evidence,https://www.ledauphine.com/faits-divers-justice/2026/09/06/saisie-de-347-kg-de-cocaine-sur-l-a7-le-chauffeur-defere-au-parquet-de-valence-ce-lundi,ledauphine.com,2026-09,30
2026-09-07,Drôme. Saisie de 347 kilos de cocaïne sur l'A7 : le chauffeur néerlandais déféré au parquet ...,https://www.google.com/url?rct=j&sa=t&url=https://www.ledauphine.com/faits-divers-justice/2026/09/06/saisie-de-347-kilos-de-cocaine-sur-l-a7-le-chauffeur-neerlandais-defere-au-parquet-de-valence-ce-lundi&ct=ga&cd=CAIyGjkyMGEwZjhhZWMwMDhiMGU6Y29tOmZyOlVT&usg=AOvVaw2kzxjGQkg4evNzF5ciyGf4,Google Alerts,Evidence,https://www.ledauphine.com/faits-divers-justice/2026/09/06/saisie-de-347-kilos-de-cocaine-sur-l-a7-le-chauffeur-neerlandais-defere-au-parquet-de-valence-ce-lundi,ledauphine.com,2026-09,30
2026-09-07,Detenido al ser pillado con 15 bolsitas de cocaína en la romería de Arafo (Tenerife),https://www.google.com/url?rct=j&sa=t&url=http://www.gentedigital.es/tenerife/noticia/4394632/detenido-al-ser-pillado-con-15-bolsitas-de-cocaina-en-la-romeria-de-arafo-tenerife/&ct=ga&cd=CAIyGjhjMTI5MGQ3ODFkNGQyYmY6Y29tOmVzOlVT&usg=AOvVaw0JJGeX-NZ4e60Zz4pSkvm-,Google Alerts,Evidence,http://www.gentedigital.es/tenerife/noticia/4394632/detenido-al-ser-pillado-con-15-bolsitas-de-cocaina-en-la-romeria-de-arafo-tenerife/,gentedigital.es,2026-09,30
2026-09-07,"Policía incauta 2,04 toneladas de cocaína que iban a ser enviadas a Suecia - Ecuador 221",https://www.google.com/url?rct=j&sa=t&url=https://ecuador221.com.ec/policia-incauta-204-toneladas-de-cocaina-que-iban-a-ser-enviadas-a-suecia/&ct=ga&cd=CAIyGjhjMTI5MGQ3ODFkNGQyYmY6Y29tOmVzOlVT&usg=AOvVaw1qDWtBnqriZPemF7qesWci,Google Alerts,Evidence,https://ecuador221.com.ec/policia-incauta-204-toneladas-de-cocaina-que-iban-a-ser-enviadas-a-suecia/,ecuador221.com.ec,2026-09,30
2026-09-07,Cae una organización criminal dedicada a la distribución de cocaína en las provincias de ...,https://www.google.com/url?rct=j&sa=t&url=https://www.europapress.es/castilla-lamancha/noticia-cae-organizacion-criminal-dedicada-distribucion-cocaina-provincias-albacete-cuenca-20260907104221.html&ct=ga&cd=CAIyGjhjMTI5MGQ3ODFkNGQyYmY6Y29tOmVzOlVT&usg=AOvVaw2t4gADC0pX7_joBRJphinh,Google Alerts,Evidence,https://www.europapress.es/castilla-lamancha/noticia-cae-organizacion-criminal-dedicada-distribucion-cocaina-provincias-albacete-cuenca-20260907104221.html,europapress.es,2026-09,30
2026-09-07,Detienen a 3 personas en Trinidad y Tobago con alijo de cocaína de 28 millones de dólares,https://www.google.com/url?rct=j&sa=t&url=https://unitel.bo/noticias/agencias/detienen-a-3-personas-en-trinidad-y-tobago-con-alijo-de-cocaina-de-28-millones-de-dolares-JD23311866&ct=ga&cd=CAIyGmFlNmJlYzU1MTM3NWE5NjE6Y29tOmVzOlVT&usg=AOvVaw1PetiWhd33J_4Mob-uB2Ct,Google Alerts,Evidence,https://unitel.bo/noticias/agencias/detienen-a-3-personas-en-trinidad-y-tobago-con-alijo-de-cocaina-de-28-millones-de-dolares-JD23311866,unitel.bo,2026-09,30
2026-09-07,Albanian man jailed for delivering cocaine in Oxford,https://www.google.com/url?rct=j&sa=t&url=https://www.oxfordmail.co.uk/news/26523719.albanian-man-jailed-delivering-cocaine-oxford/&ct=ga&cd=CAIyGjI1ZDE2N2I0OTQzNGYwNDc6Y29tOmVuOlVT&usg=AOvVaw2bUaf953SHZkqGaa7ZrZYj,Google Alerts,Evidence,https://www.oxfordmail.co.uk/news/26523719.albanian-man-jailed-delivering-cocaine-oxford/,oxfordmail.co.uk,2026-09,30
2026-09-07,Pyrénées-Orientales : près d'une tonne de cocaïne saisie après une course-poursuite avec ...,https://www.google.com/url?rct=j&sa=t&url=https://www.lefigaro.fr/faits-divers/pyrenees-orientales-pres-d-une-tonne-de-cocaine-saisie-apres-une-course-poursuite-avec-un-convoi-de-trois-vehicules-20260907&ct=ga&cd=CAIyHDYyOGM1MGZkYTliZWUwMGU6Y29tOmVzOlVTOkw&usg=AOvVaw2lBPXUy4cq1BOE-ZJG5ol2,Google Alerts,Evidence,https://www.lefigaro.fr/faits-divers/pyrenees-orientales-pres-d-une-tonne-de-cocaine-saisie-apres-une-course-poursuite-avec-un-convoi-de-trois-vehicules-20260907,lefigaro.fr,2026-09,30
2026-09-07,Incautan dos toneladas de cocaína ocultas en un contenedor de banano en Puerto Bolívar,https://www.google.com/url?rct=j&sa=t&url=https://www.expreso.ec/justicia/incautan-dos-toneladas-cocaina-ocultas-contenedor-banano-puerto-bolivar-294812.html&ct=ga&cd=CAIyGjhjMTI5MGQ3ODFkNGQyYmY6Y29tOmVzOlVT&usg=AOvVaw2_wVZEBmfUa_lrIYZ7q8MR,Google Alerts,Evidence,https://www.expreso.ec/justicia/incautan-dos-toneladas-cocaina-ocultas-contenedor-banano-puerto-bolivar-294812.html,expreso.ec,2026-09,30
2026-09-07,Detenido al ser pillado con 15 bolsitas de cocaína en la romería de Arafo (Tenerife),https://www.google.com/url?rct=j&sa=t&url=https://www.europapress.es/islas-canarias/noticia-detenido-ser-pillado-15-bolsitas-cocaina-romeria-arafo-tenerife-20260907135104.html&ct=ga&cd=CAIyGjhjMTI5MGQ3ODFkNGQyYmY6Y29tOmVzOlVT&usg=AOvVaw3A8tro5huAPqgD3vNRazXd,Google Alerts,Evidence,https://www.europapress.es/islas-canarias/noticia-detenido-ser-pillado-15-bolsitas-cocaina-romeria-arafo-tenerife-20260907135104.html,europapress.es,2026-09,30
2026-09-14,Ação conjunta entre PRF e forças de segurança resulta em apreensão recorde ... - Folha de Vilhena,https://www.google.com/url?rct=j&sa=t&url=https://folhadevilhena.com.br/13/09/2026/acao-conjunta-entre-prf-e-forcas-de-seguranca-resulta-em-apreensao-recorde-de-mais-de-36-toneladas-de-drogas-em-rondonia/&ct=ga&cd=CAIyGjE4MDZhODNkZTFjOWMxMjc6Y29tOnB0OlVT&usg=AOvVaw37fWxKtNIDwsWSTvdVBjHz,Google Alerts,Evidence,https://folhadevilhena.com.br/13/09/2026/acao-conjunta-entre-prf-e-forcas-de-seguranca-resulta-em-apreensao-recorde-de-mais-de-36-toneladas-de-drogas-em-rondonia/,folhadevilhena.com.br,2026-09,23
2026-09-14,Ghana Minority: Demands Ghana Narcotics Transit Hub Probe | Briefly,https://www.google.com/url?rct=j&sa=t&url=https://www.wansom.ai/briefly/news/ghana-narcotics-transit-hub-probe-demanded_b6bc66f9-0d9a-49a5-a02a-8c8c83c4019b&ct=ga&cd=CAIyGjI1ZDE2N2I0OTQzNGYwNDc6Y29tOmVuOlVT&usg=AOvVaw3E2JHKw3yu24ttZUK_MaDt,Google Alerts,Evidence,https://www.wansom.ai/briefly/news/ghana-narcotics-transit-hub-probe-demanded_b6bc66f9-0d9a-49a5-a02a-8c8c83c4019b,wansom.ai,2026-09,23
2026-09-14,Auto con doppio fondo e casa trasformata a “postazione di lavoro” per lo spaccio,https://www.google.com/url?rct=j&sa=t&url=https://www.confinelive.it/auto-con-doppio-fondo-e-casa-trasformata-a-postazione-di-lavoro-per-lo-spaccio-oltre-3-chili-di-cocaina-sequestrata/&ct=ga&cd=CAIyGjFhMmM1YjVmMTFiOGZmYzE6Y29tOml0OlVT&usg=AOvVaw3UwY5UR5HW1AVNy-0lI16W,Google Alerts,Evidence,https://www.confinelive.it/auto-con-doppio-fondo-e-casa-trasformata-a-postazione-di-lavoro-per-lo-spaccio-oltre-3-chili-di-cocaina-sequestrata/,confinelive.it,2026-09,23
2026-09-14,"Se pone a chillar en una calle de Gijón, la policía acude a hasta él y al ir a ... - La Nueva España",https://www.google.com/url?rct=j&sa=t&url=https://www.lne.es/gijon/el-llano/2026/09/13/pone-chillar-calle-gijon-policia-134248153.html&ct=ga&cd=CAIyGmFlNmJlYzU1MTM3NWE5NjE6Y29tOmVzOlVT&usg=AOvVaw1rLh1NdiP1HO4RXtWuQoJv,Google Alerts,Evidence,https://www.lne.es/gijon/el-llano/2026/09/13/pone-chillar-calle-gijon-policia-134248153.html,lne.es,2026-09,23
2026-09-14,PM apreende 20 porções de cocaína durante ocorrência de perturbação do sossego em Macaúbas,https://www.google.com/url?rct=j&sa=t&url=https://www.agorasudoeste.com.br/noticias/macaubas/pm-apreende-20-porcoes-de-cocaina-durante-ocorrencia-de-perturbacao-do-sossego-em-macaubas/imprimir&ct=ga&cd=CAIyGjE4MDZhODNkZTFjOWMxMjc6Y29tOnB0OlVT&usg=AOvVaw1ft6loa1NO_h5_EZWtb9g0,Google Alerts,Evidence,https://www.agorasudoeste.com.br/noticias/macaubas/pm-apreende-20-porcoes-de-cocaina-durante-ocorrencia-de-perturbacao-do-sossego-em-macaubas/imprimir,agorasudoeste.com.br,2026-09,23
2026-09-14,Tunisie : un salon de coiffure transformé en lieu de trafic de cocaïne et de cannabis,https://www.google.com/url?rct=j&sa=t&url=https://directinfo.webmanagercenter.com/2026/09/13/tunisie-un-salon-de-coiffure-transforme-en-lieu-de-trafic-de-cocaine-et-de-cannabis/&ct=ga&cd=CAIyGjkyMGEwZjhhZWMwMDhiMGU6Y29tOmZyOlVT&usg=AOvVaw2ZKHOAXS0JqYd1k0ObVN3_,Google Alerts,Evidence,https://directinfo.webmanagercenter.com/2026/09/13/tunisie-un-salon-de-coiffure-transforme-en-lieu-de-trafic-de-cocaine-et-de-cannabis/,webmanagercenter.com,2026-09,23
2026-09-14,Eight arrested in Cape Town drug and firearm raids,https://www.google.com/url?rct=j&sa=t&url=https://www.capetownetc.com/crime/eight-arrested-in-cape-town-drug-and-firearm-raids/&ct=ga&cd=CAIyGjI1ZDE2N2I0OTQzNGYwNDc6Y29tOmVuOlVT&usg=AOvVaw0pTSiLrs0-3Jlt5YD17LdL,Google Alerts,Evidence,https://www.capetownetc.com/crime/eight-arrested-in-cape-town-drug-and-firearm-raids/,capetownetc.com,2026-09,23
2026-09-14,Eight arrested in Cape Town drug and firearm raids,https://www.google.com/url?rct=j&sa=t&url=https://www.capetownetc.com/featured/eight-arrested-in-cape-town-drug-and-firearm-raids/&ct=ga&cd=CAIyGjI1ZDE2N2I0OTQzNGYwNDc6Y29tOmVuOlVT&usg=AOvVaw0pi1ffQFxIZDx7Pg-rnboD,Google Alerts,Evidence,https://www.capetownetc.com/featured/eight-arrested-in-cape-town-drug-and-firearm-raids/,capetownetc.com,2026-09,23
2026-09-14,"Kuwait Drug Control seizes meth, hashish, Lyrica and weapons in 10 cases",https://www.google.com/url?rct=j&sa=t&url=https://timeskuwait.com/kuwait-drug-control-seizes-meth-hashish-lyrica-and-weapons-in-10-cases/&ct=ga&cd=CAIyGjI1ZDE2N2I0OTQzNGYwNDc6Y29tOmVuOlVT&usg=AOvVaw1OP5QHQNWah_OZea5jAEjz,Google Alerts,Evidence,https://timeskuwait.com/kuwait-drug-control-seizes-meth-hashish-lyrica-and-weapons-in-10-cases/,timeskuwait.com,2026-09,23
